course_name,category,sub_category,course_website,duration,duration_term,study_mode,degree_level,monthly_intake,intake_day,intake_month,apply_day,apply_month,city,domestic_only,international_fee,domestic_fee,fee_term,fee_year,currency,study_load,ielts_listening,ielts_speaking,ielts_writing,ielts_reading,ielts_overall,pte_listening,pte_speaking,pte_writing,pte_reading,pte_overall,toefl_listening,toefl_speaking,toefl_writing,toefl_reading,toefl_overall,english_test,reading,listening,speaking,writing,overall,academic_level,academic_score,score_type,academic_country,other_test,score,other_requirements,course_description,course_structure,career,scholarship
Accounting,,,https://grad.uwo.ca/admissions/programs/program.cfm?p=265,13,weeks,,Graduate Diploma (GDip),,,,"31,30,28,","January,March,February,",,,,,,,CAD,full-time,6.5,6.5,6.5,6.5,6.5,,,,,,20,20,20,20,86,,,,,,,,,,,,,,"The Graduate Diploma in Accounting program is designed to prepare undergraduates for entrance into CPA Canada’s Professional Education Program (PEP) at an advanced level and the ultimate completion of the non-work experience requirements of the CPA designation.   
 
The diploma is  offered by the School of Graduate and Postdoctoral Studies through the Ivey Business School (Ivey) and the DAN Department of Management & Organizational Studies in the Faculty of Social Science (DAN). 

For 2020, the DAN Program will run from May 1 - July 31; the Ivey Program will run from April 25 - July 24.",,,
Civil and Environmental Engineering,,,https://grad.uwo.ca/admissions/programs/program.cfm?p=29,1,year,,Master of Engineering (MEng),,,,"1,1,1,","July,November,March,",,,46269.0,12294.0,year,,CAD,full-time,6.5,6.5,6.5,6.5,6.5,,,,,,20,20,20,20,86,,,,,,,,,,,,,,A Master of Engineering (MEng) degree is a professional coursework based degree offered at Western University and is offered to students who have a bachelor's engineering degree or an equivalent degree from an accredited university. The MEng program offers a course-based degree that may be a combination of course work and a project OR complete course work.,,,
Civil and Environmental Engineering,,,https://grad.uwo.ca/admissions/programs/program.cfm?p=28,2,years,,Master of Engineering Science (MESc),,,,"1,1,1,","July,November,March,",,,46269.0,12294.0,year,,CAD,full-time,6.5,6.5,6.5,6.5,6.5,,,,,,20,20,20,20,86,,,,,,,,,,,,,,The Master of Engineering Science (MESc) program is a thesis based Master's research degree. This program is offered to applicants who hold a four-year Bachelors Degree. It is expected that graduate students will complete all program requirements within two years.,,,
Anatomy and Cell Biology,,,https://grad.uwo.ca/admissions/programs/program.cfm?p=6,2,years,,Master of Science (MSc (Research)),,,,"1,1,15,","June,February,October,",,,33526.0,6050.0,year,,CAD,full-time,6.5,6.5,6.5,6.5,6.5,,,,,,20,20,20,20,86,,,,,,,,,,,,,,"The Anatomy & Cell Biology Program offers a modern collaborative training experience catering to the needs of the individual student pursuing an MSc or PhD degree. Our dedicated, award-winning mentors and state-of-the-art facilities provide a rich training environment in which students can immerse themselves in one or more academic disciplines, including cell biology, neurobiology, anatomical sciences, and/ or education scholarship. The Biological Research field is a research-intensive, thesis-based program designed to prepare students for a career as a research scientist in academia or industry. Our Clinical Anatomy field offers a unique training experience consisting of course work, research, and hands-on teaching experience; and is intended to prepare the next generation of medical educators and scholars.",,,
Anthropology,,,https://grad.uwo.ca/admissions/programs/program.cfm?p=9,4,years,,Doctor of Philosophy (PhD),,,,"15,15,","January,December,",,,,,,,CAD,full-time,6.5,6.5,6.5,6.5,6.5,,,,,,20,20,20,20,86,,,,,,,,,,,,,,"Anthropology is dedicated to documenting and understanding human beings. It takes as its starting proposition the idea that we can only reach such an understanding by studying people wherever and whenever they have occurred and from both a cultural and biological perspective. As such, it is one of the most diverse academic disciplines and draws its inspirations from the social sciences, natural sciences and humanities.",,,
Applied Health Sciences,,,https://grad.uwo.ca/admissions/programs/program.cfm?p=274,1-2,years,,Graduate Diploma (Graduate Diploma),,,,"31,","May,",,,33526.0,6050.0,year,,CAD,,6.5,6.5,6.5,6.5,6.5,,,,,,20,20,20,20,86,,,,,,,,,,,,,,"This flexible, fully-online graduate diploma prepares learners to excel and work adaptively in this rapidly changing environment and contribute to the complex problem-solving required by the health challenges of today and tomorrow. 
This program is ideal for individuals seeking skills that will prepare them to:
",,,
Advanced Health Care Practice,,,https://grad.uwo.ca/admissions/programs/program.cfm?p=273,3,terms,,Master of Clinical Science (MClSc),,,,"1,","March,",,,33526.0,6050.0,year,,CAD,full-time,6.5,6.5,6.5,6.5,6.5,,,,,,20,20,20,20,86,,,,,,,,,,,,,,"The first program of its kind in Canada, the MClSc program is a one-year (three terms) course-based master's program offering an opportunity for experienced health-care professionals to obtain advanced training in a clinical specialty. It is delivered using a combination of online courses and three on-site, one- to three-week residency periods during which clinical skills lectures and labs are provided.",,,
Anthropology,,,https://grad.uwo.ca/admissions/programs/program.cfm?p=8,2,years,,Master of Arts (MA),,,,"15,15,","January,December,",,,,,,,CAD,full-time,6.5,6.5,6.5,6.5,6.5,,,,,,20,20,20,20,86,,,,,,,,,,,,,,"Anthropology is dedicated to documenting and understanding human beings. It takes as its starting proposition the idea that we can only reach such an understanding by studying people wherever and whenever they have occurred and from both a cultural and biological perspective. As such, it is one of the most diverse academic disciplines and draws its inspirations from the social sciences, natural sciences and humanities.",,,
Anatomy and Cell Biology,,,https://grad.uwo.ca/admissions/programs/program.cfm?p=7,4,years,,Doctor of Philosophy (PhD),,,,"1,1,15,","June,February,October,",,,33526.0,6050.0,year,,CAD,full-time,6.5,6.5,6.5,6.5,6.5,,,,,,20,20,20,20,86,,,,,,,,,,,,,,"The Anatomy & Cell Biology Program offers a modern collaborative training experience catering to the needs of the individual student pursuing an MSc or PhD degree. Our dedicated, award-winning mentors and state-of-the-art facilities provide a rich training environment in which students can immerse themselves in one or more academic disciplines, including cell biology, neurobiology, anatomical sciences, and/ or education scholarship. The Biological Research field is a research-intensive, thesis-based program designed to prepare students for a career as a research scientist in academia or industry. Our Clinical Anatomy field offers a unique training experience consisting of course work, research, and hands-on teaching experience; and is intended to prepare the next generation of medical educators and scholars.",,,
Anatomy and Cell Biology,,,https://grad.uwo.ca/admissions/programs/program.cfm?p=5,1.66,years,,Master of Science (MSc (Clinical)),,,,"1,","February,",,,33526.0,6050.0,year,,CAD,full-time,6.5,6.5,6.5,6.5,6.5,,,,,,20,20,20,20,86,,,,,,,,,,,,,,"The Anatomy & Cell Biology Program offers a modern collaborative training experience catering to the needs of the individual student pursuing an MSc or PhD degree. Our dedicated, award-winning mentors and state-of-the-art facilities provide a rich training environment in which students can immerse themselves in one or more academic disciplines, including cell biology, neurobiology, anatomical sciences, and/ or education scholarship. The Biological Research field is a research-intensive, thesis-based program designed to prepare students for a career as a research scientist in academia or industry. Our Clinical Anatomy field offers a unique training experience consisting of course work, research, and hands-on teaching experience; and is intended to prepare the next generation of medical educators and scholars.",,,
Chemistry,,,https://grad.uwo.ca/admissions/programs/program.cfm?p=2,4,years,,Doctor of Philosophy (PhD),,,,"1,1,1,","July,November,March,",,,,,,,CAD,full-time,6.5,6.5,6.5,6.5,6.5,,,,,,20,20,20,20,86,,,,,,,,,,,,,,The Department of Chemistry offers programs of study that lead to Master of Science (M.Sc.) and the Doctor of Philosophy (Ph.D.) degrees. All programs are research-based.,,,
Chemistry,,,https://grad.uwo.ca/admissions/programs/program.cfm?p=1,2,years,,Master of Science (MSc),,,,"1,1,1,","July,November,March,",,,,,,,CAD,full-time,6.5,6.5,6.5,6.5,6.5,,,,,,20,20,20,20,86,,,,,,,,,,,,,,The Department of Chemistry offers programs of study that lead to Master of Science (M.Sc.) and the Doctor of Philosophy (Ph.D.) degrees. All programs are research-based.,,,
Chemical and Biochemical Engineering,,,https://grad.uwo.ca/admissions/programs/program.cfm?p=27,4,years,,Doctor of Philosophy (PhD),,,,"1,1,1,","May,November,August,",,,46269.0,12294.0,year,,CAD,full-time,6.5,6.5,6.5,6.5,6.5,,,,,,20,20,20,20,86,,,,,,,,,,,,,,"The Doctor of Philosophy (PhD) program is a thesis based research degree. This program is offered to applicants who hold a Master’s Degree.  It is expected that graduate students will complete all program requirements within four years, or five years if transferring from the MESc program without completing the MESc program.",,,
Chemical and Biochemical Engineering,,,https://grad.uwo.ca/admissions/programs/program.cfm?p=25,2,years,,Master of Engineering Science (MESc),,,,"1,1,1,","July,November,March,",,,46269.0,12294.0,year,,CAD,full-time,6.5,6.5,6.5,6.5,6.5,,,,,,20,20,20,20,86,,,,,,,,,,,,,,The Master of Engineering Science program is a thesis based Master's degree. This program is offered to applicants who hold a four-year Bachelor’s Degree. It is expected that graduate students will complete all program requirements within two years. There is no minimum residency period.,,,
Business,,,https://grad.uwo.ca/admissions/programs/program.cfm?p=87,1,year,,Master of Business Administration (MBA),,,,,,,,50000.0,25200.0,year,,CAD,full-time,6.5,6.5,6.5,6.5,6.5,,,,,,20,20,20,20,86,,,,,,,,,,,,,,"Ivey’s MBA Program is a one-year, full-time program that runs April to April with two sections of students. The Ivey MBA is a transformational experience for ambitious leaders who want to hone their skill-set, develop their leadership abilities, and accelerate their career success.",,,
Chemical and Biochemical Engineering,,,https://grad.uwo.ca/admissions/programs/program.cfm?p=26,1,year,,Master of Engineering (MEng),,,,"1,1,1,","July,November,March,",,,46269.0,12294.0,year,,CAD,full-time,6.5,6.5,6.5,6.5,6.5,,,,,,20,20,20,20,86,,,,,,,,,,,,,,"The MEng program offers a course-based degree that may be a combination of course work and a project OR course work only. The MEng degree may be obtained either on a full-time or part-time basis.
",,,
Women's Studies and Feminist Research,,,https://grad.uwo.ca/admissions/programs/program.cfm?p=150,4,years,,Doctor of Philosophy (PhD),,,,"15,","January,",,,,,,,CAD,full-time,6.5,6.5,6.5,6.5,6.5,,,,,,20,20,20,20,86,,,,,,,,,,,,,,"Explore the dynamics that shape your everyday experiences as a gendered person in contemporary culture. In our courses you will learn how to develop a critical perspective that takes factors such as sex, gender, sexuality, race, class and disability into account. You might find your worldview transformed as you apply these perspectives to your study in other classes and to all aspects of your life. Our courses reflect an expanding field of feminist research including feminist theory, health issues, philosophy, queer issues and sexuality studies, legal issues, violence against women, women and equity in the workplace, and women and the creative arts.",,,
Women's Studies and Feminist Research,,,https://grad.uwo.ca/admissions/programs/program.cfm?p=149,1,year,,Master of Arts (MA),,,,"15,","January,",,,,,,,CAD,full-time,6.5,6.5,6.5,6.5,6.5,,,,,,20,20,20,20,86,,,,,,,,,,,,,,"Explore the dynamics that shape your everyday experiences as a gendered person in contemporary culture. In our courses you will learn how to develop a critical perspective that takes factors such as sex, gender, sexuality, race, class and disability into account. You might find your worldview transformed as you apply these perspectives to your study in other classes and to all aspects of your life. Our courses reflect an expanding field of feminist research including feminist theory, health issues, philosophy, queer issues and sexuality studies, legal issues, violence against women, women and equity in the workplace, and women and the creative arts.",,,
Visual Arts,,,https://grad.uwo.ca/admissions/programs/program.cfm?p=148,4,years,,Doctor of Philosophy (PhD),,,,"15,","January,",,,,,,,CAD,full-time,6.5,6.5,6.5,6.5,6.5,,,,,,20,20,20,20,86,,,,,,,,,,,,,,"The Ph.D. in Art and Visual Culture provides advanced training in art history, visual culture, and  creative practices in contemporary art and new media. The program prepares its graduates for professional careers in galleries, museums and other art world contexts; for university teaching and research; and for arts administration in the private and public sectors. The program is unique in that it emphasizes the interrelationship between art historical/visual culture scholarship and studio practice by fostering academic and creative research beside and in connection with each other.",,,
Visual Arts,,,https://grad.uwo.ca/admissions/programs/program.cfm?p=147,2,years,,Master of Fine Arts (MFA),,,,"15,","January,",,,,,,,CAD,full-time,6.5,6.5,6.5,6.5,6.5,,,,,,20,20,20,20,86,,,,,,,,,,,,,,"The MFA in Visual Art offers training in contemporary visual art and prepares its graduates for professional careers as artists and curators, as well as for advanced training at the PhD level, and for a range of careers in galleries, museums, and other art world contexts. It combines an emphasis on critical theory with instruction in the studio arts. In the first semester, all MA and MFA students take a core course in art theory together, thereby providing opportunities for exchange and collaboration. Students work in small seminar courses to develop their research and studio practice.",,,
Visual Arts,,,https://grad.uwo.ca/admissions/programs/program.cfm?p=146,1,year,,Master of Arts (MA),,,,"15,","January,",,,,,,,CAD,full-time,6.5,6.5,6.5,6.5,6.5,,,,,,20,20,20,20,86,,,,,,,,,,,,,,"The one year MA in Art History and Curatorial Studies offers training in the histories and theories of art and visual culture. The MA degree requires full-time study for three terms (fall, winter, summer) and has two streams, a course-based stream and a thesis-based stream. It prepares its graduates for advanced study in the field, as well as for careers in museums, galleries, and other areas of the arts. In first semester, all MA and MFA students take a core course in art theory and research methods together, thereby providing opportunities for exchange between historical and contemporary perspectives. From there, students work in small seminar courses, complete a second language requirement, have the opportunity to undertake an internship, and complete either a major research paper or thesis, depending on stream.",,,
Theory and Criticism,,,https://grad.uwo.ca/admissions/programs/program.cfm?p=145,4,years,,Doctor of Philosophy (PhD),,,,"15,","January,",,,,,,,CAD,full-time,6.5,6.5,6.5,6.5,6.5,,,,,,20,20,20,20,86,,,,,,,,,,,,,,"Western's program has established strengths in social & political theory and media & cultural studies, while maintaining its traditional strengths in critical theory and continental philosophy. What distinguishes the Theory Centre's MA program from other graduate programs is the serious attention given to intellectual history, and to its connection to contemporary forms of critical theory. Although the program emphasizes the study of theory as a distinct object of inquiry, and thus supports speculative inquiries about particular forms of theory, it also encourages students to engage with contemporary critical aesthetic, social and political inquiry.",,,
Theory and Criticism,,,https://grad.uwo.ca/admissions/programs/program.cfm?p=144,2,years,,Master of Arts (MA),,,,"15,","January,",,,,,,,CAD,full-time,6.5,6.5,6.5,6.5,6.5,,,,,,20,20,20,20,86,,,,,,,,,,,,,,"Western's program has established strengths in social & political theory and media & cultural studies, while maintaining its traditional strengths in critical theory and continental philosophy. What distinguishes the Theory Centre's MA program from other graduate programs is the serious attention given to intellectual history, and to its connection to contemporary forms of critical theory. Although the program emphasizes the study of theory as a distinct object of inquiry, and thus supports speculative inquiries about particular forms of theory, it also encourages students to engage with contemporary critical aesthetic, social and political inquiry.",,,
Statistics,,,https://grad.uwo.ca/admissions/programs/program.cfm?p=140,1-2,years,,Master of Science (MSc),,,,"1,15,","July,February,",,,,,,,CAD,full-time,6.5,6.5,6.5,6.5,6.5,,,,,,20,20,20,20,86,,,,,,,,,,,,,,"Our department's Master’s program encompasses three fields: Statistical Theory, Actuarial Science and Financial Modelling.  Students in the Statistical Theory field will study probability, inference, statistical computing and data analysis in depth. Students in the Actuarial Science field will learn about survival analysis, risk, ruin, mortality and their connections with finance. Students in the Financial Modelling field will learn the theory and application of deterministic and stochastic models used in the banking industry.",,,
Theology,,,https://grad.uwo.ca/admissions/programs/program.cfm?p=143,2,years,,Master of Arts (MA),,,,"1,30,","June,October,",,,,,,,CAD,full-time,6.5,6.5,6.5,6.5,6.5,,,,,,20,20,20,20,86,,,,,,,,,,,,,,"The Master of Arts in Theology at Western is a two year degree (full-time) which combines course work with a thesis, in a constructive combination of formal instruction, seminar discussion, and supervised research. The thesis requirement in particular allows study to be tailored to individual interests. Drawing upon faculty working both in the theological disciplines and in the wider university, the degree seeks to foster academic integrity, interdisciplinarity and theological engagement. The faculty’s central resources lie in Christian thought, but complemented by strengths also in Islamic Studies, global religion, and public theology. Thus a student can do theological research on subjects as diverse as, for instance, the Gospels, Reformation thought or history, Karl Barth, Islamic ethics, religion and violence, or religious pluralism. The goal is to provide students with a research degree which allows them to explore personal or professional interests at the Master’s level, while at the same time to laying a solid foundation for doctoral study in related areas for those wishing to pursue further research. ",,,
Surgery,,,https://grad.uwo.ca/admissions/programs/program.cfm?p=142,1,year,,Master of Science (MSc),,,,"15,15,","January,April,",,,,,,,CAD,full-time,6.5,6.5,6.5,6.5,6.5,,,,,,20,20,20,20,86,,,,,,,,,,,,,,"The Department of Surgery at Western has a large, well-established, and highly-regarded post-graduate surgical education training program that includes seven individual subspecialty programs.  The MSc in Surgery at Western has been designed to afford trainees an intensive research experience which will lead graduates to successful careers as clinician researchers at Academic Health Sciences Centers.  All students will conduct novel research resulting in the completing of an MSc thesis which must be successfully defended by the student to accomplish the degree requirements.",,,
Statistics,,,https://grad.uwo.ca/admissions/programs/program.cfm?p=141,4,years,,Doctor of Philosophy (PhD),,,,"1,15,","July,February,",,,,,,,CAD,full-time,6.5,6.5,6.5,6.5,6.5,,,,,,20,20,20,20,86,,,,,,,,,,,,,,"Our department's PhD program encompasses three fields: Statistics, Actuarial Science and Financial Modelling.",,,
Social Work,,,https://grad.uwo.ca/admissions/programs/program.cfm?p=139,3,terms,,Master of Social Work (MSW),,,,"15,","January,",,,33526.0,6050.0,year,,CAD,full-time,6.5,6.5,6.5,6.5,6.5,,,,,,20,20,20,20,86,,,,,,,,,,,,,,"The School of Social Work at King’s University College, affiliated with Western University, is pleased to offer two Direct Practice Master of Social Work (MSW) streams on a full-time basis. The Advanced Standing (1-year) and Foundational (2-year) programs are course-based with an advanced practicum (450+ hours in each year of the program). Our practicum placements with experienced social workers in child and family services, health and social service organizations, schools, mental health and justice settings, prepare graduates for advanced success in leadership roles and professional practice in specialized areas of interest with individuals, families, groups and communities.
 
Social work is concerned with the enhancement of individual, familial and community wellbeing, and is a profession aimed at promoting equity and social justice. While some social workers may provide counselling and psychotherapy, the profession of social work addresses broader social issues related to oppression, marginalization and injustice. Course content reflects the need for knowledge and skills in policy, advocacy, and community development to inform the range of tasks that social workers are expected to engage in as part of direct practice.
 
Our faculty include award-winning scholars and researchers with expertise in diverse areas of social work practice, such as social inequity, mental health and addictions, structural and clinical social work, organizational leadership, and transnational practice. The School of Social Work has exceptional faculty members, excellent support staff and student facilities, all within a beautiful college campus at King’s. Students are admitted to the program each September.",,,
"Research for Policy and Evaluation
",,,https://grad.uwo.ca/admissions/programs/program.cfm?p=285,1,year,,Master of Arts (MA),,,,"28,","February,",,,,,,,CAD,full-time,6.5,6.5,6.5,6.5,6.5,,,,,,20,20,20,20,86,,,,,,,,,,,,,,,,,
Sociology,,,https://grad.uwo.ca/admissions/programs/program.cfm?p=138,4,years,,Doctor of Philosophy (PhD),,,,"15,","January,",,,,,,,CAD,full-time,6.5,6.5,6.5,6.5,6.5,,,,,,20,20,20,20,86,,,,,,,,,,,,,,"Our faculty include award-winning, internationally renowned scholars in Social Inequality, Aging & Health, and Population Studies. We also have research expertise in areas such as youth and identity, criminology, and work. Furthermore, we are home to the Centre for Population, Aging and Health.  We are active participants in the collaborative specializations in Migration & Ethnic Relations and Transitional Justice & Post-Conflict Reconstruction.  Moreover, our researchers benefit from the Research Data Centre housed at Western and one of the top academic libraries in the country.
",,,
Sociology,,,https://grad.uwo.ca/admissions/programs/program.cfm?p=137,1,year,,Master of Arts (MA),,,,"15,","January,",,,,,,,CAD,full-time,6.5,6.5,6.5,6.5,6.5,,,,,,20,20,20,20,86,,,,,,,,,,,,,,"Our faculty include award-winning, internationally renowned scholars in Social Inequality, Aging & Health, and Population Studies. We also have research expertise in areas such as youth and identity, criminology, and work. Furthermore, we are home to the Centre for Population, Aging and Health.  We are active participants in the collaborative specializations in Migration & Ethnic Relations and Transitional Justice & Post-Conflict Reconstruction.  Moreover, our researchers benefit from the Research Data Centre housed at Western and one of the top academic libraries in the country.
",,,
Public Health,,,https://grad.uwo.ca/admissions/programs/program.cfm?p=114,1,year,,Master of Public Health (MPH),,,,"30,","January,",,,33526.0,6050.0,year,,CAD,,6.5,6.5,6.5,6.5,6.5,,,,,,20,20,20,20,86,,,,,,,,,,,,,,"The Master of Public Health Program features real public health issues as the foundation of students' learning, immersing participants in some of the most significant and complex public health crises that our country and globe have experienced. Our MPH Program offers a unique intersection between leadership, policy and sustainability.  During this 12-month, case-based/experiential learning Program, students will have the opportunity to apply their previous work and health-related experience to discuss a wide-range of views and practices while gaining the knowledge and skills to lead in an ever-changing and increasingly challenging public health landscape. 

The case method of learning is not about the traditional lecture-style classroom setting: it is about the student being an active part of the learning experience; that means learning by doing. It introduces complex and often ambiguous real-world scenarios into the classroom, forcing students to think and make decisions often with incomplete and inaccurate data. This prepares graduates for the dynamic conditions they'll encounter in their careers. 

 :
",,,
Public Administration,,,https://grad.uwo.ca/admissions/programs/program.cfm?p=269,2-3,years,,Graduate Diploma (GDip),,,,"5,","February,",,,,,,,CAD,,6.5,6.5,6.5,6.5,6.5,,,,,,20,20,20,20,86,,,,,,,,,,,,,,"Western's Graduate Diploma in Public Administration is a professional development program designed for mid-career local government administrators who wish to further their public management skills at the graduate level. Graduate DPA courses offer specialized education in local administration and policy analysis, thoroughly preparing students for the challenges of modern community, urban and regional governance and administration. Successful graduates of this program are strong candidates for the Masters of Public Administration program and, if admitted, will receive advance standing for their work in the Graduate DPA.",,,
Public Administration,,,https://grad.uwo.ca/admissions/programs/program.cfm?p=131,1,year,,Master of Public Administration (MPA),,,,"30,","January,",,,,,,,CAD,full-time,6.5,6.5,6.5,6.5,6.5,,,,,,20,20,20,20,86,,,,,,,,,,,,,,,,,
Psychology,,,https://grad.uwo.ca/admissions/programs/program.cfm?p=130,4,years,,Doctor of Philosophy (PhD),,,,"5,","December,",,,,,,,CAD,full-time,6.5,6.5,6.5,6.5,6.5,,,,,,20,20,20,20,86,,,,,,,,,,,,,,,,,
Psychology,,,https://grad.uwo.ca/admissions/programs/program.cfm?p=129,2,years,,Master of Science (MSc),,,,"5,","December,",,,,,,,CAD,full-time,6.5,6.5,6.5,6.5,6.5,,,,,,20,20,20,20,86,,,,,,,,,,,,,,,,,
Political Science,,,https://grad.uwo.ca/admissions/programs/program.cfm?p=127,4,years,,Doctor of Philosophy (PhD),,,,"1,","February,",,,33526.0,6050.0,year,,CAD,full-time,6.5,6.5,6.5,6.5,6.5,,,,,,20,20,20,20,86,,,,,,,,,,,,,,"Western's Political Science Department is known for the outstanding quality of its research and teaching in Democratic Engagement, Global Justice, Urban Politics and Local Governance, and Research Methods. Our faculty offer expertise and training in all of the traditional subfields, such as Canadian Politics, Comparative Politics, International Relations, Local Government, and Political Theory but also value and encourage work that cuts across and challenges those boundaries. Not only do our faculty and students draw upon multiple theories and methods to solve a wide range of pressing domestic and international problems, we also invent new ones to expand the discipline’s analytical and explanatory power.  If you share these values and want to acquire the skills necessary to put them into practice, we invite you to apply to our PhD program.  ",,,
Physiology and Pharmacology,,,https://grad.uwo.ca/admissions/programs/program.cfm?p=121,4,years,,Doctor of Philosophy (PhD),,,,"1,1,31,1,","November,February,July,March,",,,,,,,CAD,full-time,6.5,6.5,6.5,6.5,6.5,,,,,,20,20,20,20,86,,,,,,,,,,,,,,"The goals of this graduate program are to train students in Physiology and Pharmacology. Graduates of the Master's program will be capable of active participation in a research program, and of teaching the disciplines as well as applying physiological, pharmacological and/or toxicological principles in industrial and professional contexts. Graduation from the Doctoral program is an essential step towards a career as an independent researcher in academia, and to obtain higher level professional positions in the biotechnology and pharmaceutical industries, as well as government agencies and research-funding organizations.",,,
Physiology and Pharmacology,,,https://grad.uwo.ca/admissions/programs/program.cfm?p=120,2,years,,Master of Science (MSc),,,,"1,1,31,1,","November,February,July,March,",,,,,,,CAD,full-time,6.5,6.5,6.5,6.5,6.5,,,,,,20,20,20,20,86,,,,,,,,,,,,,,"The goals of this graduate program are to train students in Physiology and Pharmacology. Graduates of the Master's program will be capable of active participation in a research program, and of teaching the disciplines as well as applying physiological, pharmacological and/or toxicological principles in industrial and professional contexts. Graduation from the Doctoral program is an essential step towards a career as an independent researcher in academia, and to obtain higher level professional positions in the biotechnology and pharmaceutical industries, as well as government agencies and research-funding organizations.",,,
Political Science,,,https://grad.uwo.ca/admissions/programs/program.cfm?p=126,1,year,,Master of Arts (MA),,,,"1,","February,",,,33526.0,6050.0,year,,CAD,full-time,6.5,6.5,6.5,6.5,6.5,,,,,,20,20,20,20,86,,,,,,,,,,,,,,"Western's Political Science Department is known for the outstanding quality of its research and teaching in Democratic Engagement, Global Justice, Urban Politics and Local Governance, and Research Methods. Our faculty offer expertise and training in all of the traditional subfields, such as Canadian Politics, Comparative Politics, International Relations, Local Government, and Political Theory but also value and encourage work that cuts across and challenges those boundaries. Not only do our faculty and students draw upon multiple theories and methods to solve a wide range of pressing domestic and international problems, we also invent new ones to expand the discipline’s analytical and explanatory power.  If you share these values and want to acquire the skills necessary to put them into practice, we invite you to apply to our MA program.  ",,,
Physics,,,https://grad.uwo.ca/admissions/programs/program.cfm?p=123,4,years,,Doctor of Philosophy (PhD),,,,"15,","January,",,,,,,,CAD,full-time,6.5,6.5,6.5,6.5,6.5,,,,,,20,20,20,20,86,,,,,,,,,,,,,,"Our department offers programs in both physics and astronomy leading to MSc and PhD degrees. We have a vibrant core faculty of 30 researchers covering the areas of astronomy, condensed matter physics, medical physics, atmospheric physics and planetary science.",,,
Physics,,,https://grad.uwo.ca/admissions/programs/program.cfm?p=122,2,years,,Master of Science (MSc),,,,"15,","January,",,,,,,,CAD,full-time,6.5,6.5,6.5,6.5,6.5,,,,,,20,20,20,20,86,,,,,,,,,,,,,,"Our department offers programs in both physics and astronomy leading to MSc and PhD degrees. We have a vibrant core faculty of 30 researchers covering the areas of astronomy, condensed matter physics, medical physics, atmospheric physics and planetary science.",,,
Physical Therapy,,,https://grad.uwo.ca/admissions/programs/program.cfm?p=125,2,years,,Master of Physical Therapy (MPT),,,,,,,,,,,,CAD,full-time,6.5,6.5,6.5,6.5,6.5,,,,,,20,20,20,20,86,,,,,,,,,,,,,,The Master of Physical Therapy (MPT) degree is awarded upon successful completion of a 2-year curriculum which includes 60 weeks of classroom/laboratory work and 30 weeks of clinical experience.,,,
Philosophy,,,https://grad.uwo.ca/admissions/programs/program.cfm?p=118,1,year,,Master of Arts (MA),,,,"7,","January,",,,,,,,CAD,full-time,6.5,6.5,6.5,6.5,6.5,,,,,,20,20,20,20,86,,,,,,,,,,,,,,"The MA in Philosophy at Western is a one-year program. Students take six one-term courses and write a 10,000 research paper over the summer (which may, but need not, develop work from one of their courses). Each year the courses available reflect the strengths and diversity of interests of the faculty, which collect along five principal fields: feminist philosophy; history of philosophy (ancient, medieval and modern); moral, political and legal philosophy; philosophy of mind and language; and philosophy of science (including mathematics and logic. ",,,
Philosophy,,,https://grad.uwo.ca/admissions/programs/program.cfm?p=119,4,years,,Doctor of Philosophy (PhD),,,,"7,7,","January,October,",,,,,,,CAD,full-time,6.5,6.5,6.5,6.5,6.5,,,,,,20,20,20,20,86,,,,,,,,,,,,,,"The PhD in Philosophy at Western in a four-year program.  In their first year students take courses; in their second they take a comprehensive exam in their main research area and complete a course that will lead the writing and defend of a thesis prospectus; their third and fourth years are spent writing their dissertations. The courses and supervision available reflect the strengths and diversity of interests of the faculty, which collect along five principal fields: feminist philosophy; history of philosophy (ancient, medieval and modern); moral, political and legal philosophy; philosophy of mind and language; and philosophy of science (including mathematics and logic.",,,
Pathology and Laboratory Medicine,,,https://grad.uwo.ca/admissions/programs/program.cfm?p=112,2,years,,Master of Science (MSc),,,,"1,1,1,1,","June,November,February,March,",,,33526.0,6050.0,year,,CAD,full-time,6.5,6.5,6.5,6.5,6.5,,,,,,20,20,20,20,86,,,,,,,,,,,,,,"Graduate research is focused on the mechanisms of cell and tissue injury; the etiology, pathogenesis and behaviour of disease; identification of novel biomarkers; potential treatment targets of various diseases; and molecular imaging.",,,
Pathology and Laboratory Medicine,,,https://grad.uwo.ca/admissions/programs/program.cfm?p=113,4,years,,Doctor of Philosophy (PhD),,,,"1,1,1,1,","June,November,February,March,",,,33526.0,6050.0,year,,CAD,full-time,6.5,6.5,6.5,6.5,6.5,,,,,,20,20,20,20,86,,,,,,,,,,,,,,"Graduate research is focused on the mechanisms of cell and tissue injury; the etiology, pathogenesis and behaviour of disease; identification of novel biomarkers; potential treatment targets of various diseases; and molecular imaging.",,,
Pathologists’ Assistant,,,https://grad.uwo.ca/admissions/programs/program.cfm?p=111,2,years,,Master of Clinical Science (MClSc),,,,"1,","April,",,,,,,,CAD,full-time,6.5,6.5,6.5,6.5,6.5,,,,,,20,20,20,20,86,,,,,,,,,,,,,,"The Pathologists’ Assistant program in the Department of Pathology and Laboratory Medicine offers students the opportunity to train in the highly specialized field of anatomical pathology. This two-year, full-time program begins in September of each year. The first year is comprised of various courses. The second year of the program is composed of rotations through the hospital experience in autopsy and surgical pathology, a research project, and completing a two-month community elective.",,,
Orthodontics,,,https://grad.uwo.ca/admissions/programs/program.cfm?p=110,3,years,,Master of Clinical Dentistry (MClD),,,,"15,","September,",,,,,,,CAD,,6.5,6.5,6.5,6.5,6.5,,,,,,20,20,20,20,86,,,,,,,,,,,,,,"The purpose of the program in Orthodontics is to provide the academic background and clinical experience appropriate to the specialty of Orthodontics. The program is fully accredited by the Council on Education of the Canadian Dental Association, and meets the specialty certification requirement of the Royal College of Dental Surgeons of Ontario and the eligibility requirement of the Royal College of Dentists of Canada.",,,
Occupational Therapy,,,https://grad.uwo.ca/admissions/programs/program.cfm?p=109,2,years,,Master of Science (MSc (OT)),,,,,,,,,,,,CAD,full-time,6.5,6.5,6.5,6.5,6.5,,,,,,20,20,20,20,86,,,,,,,,,,,,,,"The Master of Science in Occupational Therapy (MScOT) in the Faculty of Health Sciences at Western University is an entry level professional master’s program of academic courses and fieldwork placements.  The School of Occupational Therapy was the first Canadian program to offer a Master’s level entry-to-practice degree and continues to provide innovative leadership to the profession.  Occupational therapy is a dynamic and growing field, with many new and amazing job opportunities.  Occupational therapists are leaders in promoting health and well-being in clients through participation in meaningful daily activities and occupations.",,,
Nursing,,,https://grad.uwo.ca/admissions/programs/program.cfm?p=108,,,,Doctor of Philosophy (PhD),,,,"1,","February,",,,43023.0,6050.0,year,,CAD,full-time,6.5,6.5,6.5,6.5,6.5,,,,,,20,20,20,20,86,,,,,,,,,,,,,,"The Doctor of Philosophy (PhD) program prepares nurse scientists to conduct research and to assume major roles in the development, evaluation and dissemination of knowledge about issues of interest to Nursing. Acculturated into an academic environment that embodies scholarship, graduates of this program are well-prepared for careers as researchers and educators in both academic and health care settings. 
 
Students benefit from small classes and excellent access to world-class professors with varied expertise. Nurtured by close mentoring relationships with faculty advisors, students in the doctoral program engage early and continuously in research under the supervision of an advisory committee. 
 
The program emphasizes openness to, and respect for, multiple ways of knowing, living, and being healthy, and valuing of varied philosophical, epistemological, and theoretical viewpoints. The program is closely linked with the research programs of faculty members.",,,
Neuroscience,,,https://grad.uwo.ca/admissions/programs/program.cfm?p=103,2,years,,Master of Science (MSc),,,,"1,","November,",,,,,,,CAD,full-time,6.5,6.5,6.5,6.5,6.5,,,,,,20,20,20,20,86,,,,,,,,,,,,,,The Master of Science program provides an interdisciplinary and research intensive learning experience in Neuroscience. Students develop with their supervisor an individual research project which is usually completed within two years of registration. Critical thinking and a broad overview of neuroscience research is also emphasized through the Neuroscience 9500 and 9510/9511 courses.,,,
Nursing,,,https://grad.uwo.ca/admissions/programs/program.cfm?p=107,,,,Master of Science in Nursing (MScN),,,,"1,","February,",,,43023.0,6050.0,year,,CAD,full-time,6.5,6.5,6.5,6.5,6.5,,,,,,20,20,20,20,86,,,,,,,,,,,,,,"Western's Master of Science in Nursing (MScN) program is the longest-standing graduate nursing program in Canada, and provides the basis for leadership in professional Nursing and the foundation for doctoral studies. This flexible research-based program provides opportunities for co-op study as well as the option to fast-track to the PhD Program after the first year of full-time study.",,,
Nuclear Engineering,,,https://grad.uwo.ca/admissions/programs/program.cfm?p=105,,,,Master of Engineering (MEng),,,,,,,,46269.0,12294.0,year,,CAD,,6.5,6.5,6.5,6.5,6.5,,,,,,20,20,20,20,86,,,,,,,,,,,,,,"The University Network of Excellence in Nuclear Engineering (UNENE), created through the partnership of three leading Ontario universities, namely, McMaster University, University of Waterloo, and Western, presents a unique, innovative learning experience through a Master's Degree Program in Nuclear Engineering Design with emphasis on nuclear power reactor technology. UNENE is an alliance of universities, nuclear power utilities, research and regulatory agencies for the support and development of nuclear education, research and development capability in Canadian universities.
",,,
Nursing,,,https://grad.uwo.ca/admissions/programs/program.cfm?p=106,,,,Master of Nursing (MN),,,,"1,","February,",,,43023.0,6050.0,year,,CAD,full-time,6.5,6.5,6.5,6.5,6.5,,,,,,20,20,20,20,86,,,,,,,,,,,,,,"The Master of Nursing - Leadership in Professional Nursing Practice program (MN-Leadership) program prepares students to be leaders in an increasingly complex health care system, with a focus on transferrable core knowledge. Course delivery is a hybrid of online learning with several days of on-site residency during each term. The Master of Nursing - Primary Health Care Nursing Practice program (MN-PHCNP) program utilizes a combination of on-site and distance learning and offers full- and part-time options in collaboration with a consortium of Ontario universities.
",,,
Neuroscience,,,https://grad.uwo.ca/admissions/programs/program.cfm?p=104,4,years,,Doctor of Philosophy (PhD),,,,"1,","November,",,,,,,,CAD,full-time,6.5,6.5,6.5,6.5,6.5,,,,,,20,20,20,20,86,,,,,,,,,,,,,,The PhD in Neuroscience is a research intensive program that emphasizes the development of individual scholarship and excellence through the collaborative interactions within this interdisciplinary program. Students in the program experience a very wide exposure to all aspects of neuroscience research from cellular molecular to cognitive neuroscience. Student with an MSc usually complete this program within 4 years. Direct entry into the program by students with a BSc is possible for outstanding candidates.,,,
Music,,,https://grad.uwo.ca/admissions/programs/program.cfm?p=102,4,years,,Doctor of Philosophy (PhD),,,,"15,","January,",,,33526.0,6050.0,year,,CAD,full-time,6.5,6.5,6.5,6.5,6.5,,,,,,20,20,20,20,86,,,,,,,,,,,,,,"Students in the PhD in Music program are engaged in a program of study that leads to an original contribution to their field of study: composition; music education; musicology; or music theory. Students are exposed to a wide range of approaches and methodologies to research and creative activity, and work in a thriving intellectual and creative environment. The stages of the program ensure that students attain a broad knowledge base in their particular area of study that prepares them to write an original dissertation.",,,
Music,,,https://grad.uwo.ca/admissions/programs/program.cfm?p=101,5,Terms,,Master of Music (MMus),,,,"15,","January,",,,33526.0,6050.0,year,,CAD,full-time,6.5,6.5,6.5,6.5,6.5,,,,,,20,20,20,20,86,,,,,,,,,,,,,,The Master of Music (MMus) degree is available in three fields: MMus in Composition; MMus in Literature and Performance; and MMus in Music Education. ,,,
Music,,,https://grad.uwo.ca/admissions/programs/program.cfm?p=100,1,year,,Master of Arts (MA Musicology),,,,"15,","January,",,,33526.0,6050.0,year,,CAD,full-time,6.5,6.5,6.5,6.5,6.5,,,,,,20,20,20,20,86,,,,,,,,,,,,,,Our redesigned 1-year MA in Musicology offers students an intense learning experience consisting of 5 courses over the Fall and Winter terms followed by the completion of an MA Research Project in the Summer term.,,,
Microbiology and Immunology,,,https://grad.uwo.ca/admissions/programs/program.cfm?p=91,4,years,,Doctor of Philosophy (PhD),,,,"1,1,31,31,","November,February,March,July,",,,,,,,CAD,full-time,6.5,6.5,6.5,6.5,6.5,,,,,,20,20,20,20,86,,,,,,,,,,,,,,"Western’s Graduate Program in Microbiology and Immunology offers research-intensive, thesis-based graduate training at the Masters' and the Doctoral level. We possess world class facilities and a motivating training environment, with high profile research programs overseen by internationally distinguished faculty members. The Graduate Program of the Department of Microbiology and Immunology revolves around two major fields of scientific endeavor:  i) The molecular and cellular biology of microorganisms, and ii) The molecular and cellular biology of the immune system. These fields involve studies on bacteria, virus, parasites, cancer cells, and immune cells with an emphasis on molecular biology, biochemistry, and pathogenesis.",,,
Music,,,https://grad.uwo.ca/admissions/programs/program.cfm?p=99,1,year,,Master of Arts (MA Music Theory),,,,"15,","January,",,,33526.0,6050.0,year,,CAD,full-time,6.5,6.5,6.5,6.5,6.5,,,,,,20,20,20,20,86,,,,,,,,,,,,,,Our redesigned 1-year MA in Music Theory offers students an intense learning experience consisting of 5 courses over the Fall and Winter terms followed by the completion of an MA Research Project in the Summer term.,,,
"Mining Law, Finance, and Sustainability",,,https://grad.uwo.ca/admissions/programs/program.cfm?p=271,8,months,,"Graduate Diploma, Mining Law, Finance, and Sustainability (Graduate Diploma)",,,,"31,","May,",,,,,,,CAD,full-time,6.5,6.5,6.5,6.5,6.5,,,,,,20,20,20,20,86,,,,,,,,,,,,,,"The Graduate Diploma in Mining Law, Finance, and Sustainability will provide complementary interdisciplinary training to students whose backgrounds and previous academic disciplines are in fields other than Law. Our goal is to provide mining professionals (eg geologists, geophysicists, engineers), business professionals (eg those in finance or human resources), public servants, indigenous leaders, and advocates working with non-governmental organizations with knowledge of the key legal frameworks that govern the extractive industries in Canada and abroad. This will help them to understand issues in areas like environmental regulation, the rights of indigenous peoples, and applicable corporate finance provisions.",,,
Music,,,https://grad.uwo.ca/admissions/programs/program.cfm?p=98,4,years,,Doctor of Musical Arts (DMA),,,,"10,","December,",,,33526.0,6050.0,year,,CAD,full-time,6.5,6.5,6.5,6.5,6.5,,,,,,20,20,20,20,86,,,,,,,,,,,,,,"The DMA in Performance provides is designed for highly proficient artists in musical performance who wish to strengthen their background with advanced study of literature and pedagogy, and also wish to pursue independent research.",,,
Microbiology and Immunology,,,https://grad.uwo.ca/admissions/programs/program.cfm?p=90,1,year,,Master of Science (MSc (Accelerated)),,,,"15,","March,",,,,,,,CAD,full-time,6.5,6.5,6.5,6.5,6.5,,,,,,20,20,20,20,86,,,,,,,,,,,,,,"Western’s Graduate Program in Microbiology and Immunology offers research-intensive, thesis-based graduate training at the Masters' and the Doctoral level. We possess world class facilities and a motivating training environment, with high profile research programs overseen by internationally distinguished faculty members. The Graduate Program of the Department of Microbiology and Immunology revolves around two major fields of scientific endeavor:  i) The molecular and cellular biology of microorganisms, and ii) The molecular and cellular biology of the immune system. These fields involve studies on bacteria, virus, parasites, cancer cells, and immune cells with an emphasis on molecular biology, biochemistry, and pathogenesis.",,,
Microbiology and Immunology,,,https://grad.uwo.ca/admissions/programs/program.cfm?p=89,2,years,,Master of Science (MSc),,,,"1,1,31,31,","November,February,March,July,",,,,,,,CAD,full-time,6.5,6.5,6.5,6.5,6.5,,,,,,20,20,20,20,86,,,,,,,,,,,,,,"Western’s Graduate Program in Microbiology and Immunology offers research-intensive, thesis-based graduate training at the Masters' and the Doctoral level. We possess world class facilities and a motivating training environment, with high profile research programs overseen by internationally distinguished faculty members. The Graduate Program of the Department of Microbiology and Immunology revolves around two major fields of scientific endeavour:  i) The molecular and cellular biology of microorganisms, and ii) The molecular and cellular biology of the immune system. These fields involve studies on bacteria, virus, parasites, cancer cells, and immune cells with an emphasis on molecular biology, biochemistry, and pathogenesis. This 2-year program is intended for students who are interested in a research career or who are interested in acquiring research skills.",,,
Medical Biophysics,,,https://grad.uwo.ca/admissions/programs/program.cfm?p=23,4,years,,Doctor of Philosophy (PhD),,,,"1,1,1,","June,November,March,",,,33526.0,6050.0,year,,CAD,full-time,6.5,6.5,6.5,6.5,6.5,,,,,,20,20,20,20,86,,,,,,,,,,,,,,,,,
Medical Biophysics,,,https://grad.uwo.ca/admissions/programs/program.cfm?p=21,,,,Master of Science (MSc),,,,"1,1,1,","June,November,March,",,,33526.0,6050.0,year,,CAD,full-time,6.5,6.5,6.5,6.5,6.5,,,,,,20,20,20,20,86,,,,,,,,,,,,,,,,,
Media Studies,,,https://grad.uwo.ca/admissions/programs/program.cfm?p=95,1,year,,Master of Arts (MA),,,,"1,","February,",,,,,,,CAD,full-time,6.5,6.5,6.5,6.5,6.5,,,,,,20,20,20,20,86,,,,,,,,,,,,,,"A one-year degree that cultivates critically engaged scholarship at the intersection of media, information, technology, and culture. The program offers opportunities to pursue advanced research or research-creation projects across media and disciplines, including the political economy of media, information studies, cultural studies, social movements and social justice, quantitative studies of digital media, critical data studies, media history, and consumer and promotional culture.",,,
Media Studies,,,https://grad.uwo.ca/admissions/programs/program.cfm?p=96,4,years,,Doctor of Philosophy (PhD),,,,"15,","January,",,,,,,,CAD,full-time,6.5,6.5,6.5,6.5,6.5,,,,,,20,20,20,20,86,,,,,,,,,,,,,,"The program focuses on media, broadly defined, through a kaleidoscopic interplay of culture, industry and technology, organized around three major areas of specialization. Each area focuses on a major field of study within media studies, and all develop critical approaches to the articulation and reproduction of social power via media.   Designed to give students a thorough grounding in the key issues, texts, traditions and debates within media studies, the areas are not meant as segregated and free-standing domains of scholarly inquiry; rather, there are degrees of overlap between areas, and, accordingly, students will be encouraged to explore such intellectual crossroads and interstices.",,,
Mechanical and Materials Engineering,,,https://grad.uwo.ca/admissions/programs/program.cfm?p=93,1,year,,Master of Engineering (MEng),,,,"1,","July,",,,46269.0,12294.0,year,,CAD,full-time,6.5,6.5,6.5,6.5,6.5,,,,,,20,20,20,20,86,,,,,,,,,,,,,,Our MEng is a course-based degree that is structured to assist qualified engineers in the advancement of their professional careers and to provide students with the skills necessary to address key technological challenges. We offer seven technical streams within our MEng program to allow you to receive specialized training in the specific areas of Mechanical Engineering that interest you.,,,
Mechanical and Materials Engineering,,,https://grad.uwo.ca/admissions/programs/program.cfm?p=92,2,years,,Master of Engineering Science (MESc),,,,"1,1,1,","July,November,March,",,,46269.0,12294.0,year,,CAD,full-time,6.5,6.5,6.5,6.5,6.5,,,,,,20,20,20,20,86,,,,,,,,,,,,,,"The Mechanical Engineering profession covers a very wide spectrum from nano-scale to industrial-scale and includes engines, robots, bio-mechanical and environmentally “green” systems.
",,,
Mechanical and Materials Engineering,,,https://grad.uwo.ca/admissions/programs/program.cfm?p=94,4,years,,Doctor of Philosophy (PhD),,,,"1,1,1,","July,November,March,",,,46269.0,12294.0,year,,CAD,full-time,6.5,6.5,6.5,6.5,6.5,,,,,,20,20,20,20,86,,,,,,,,,,,,,,"The Mechanical Engineering profession covers a very wide spectrum from nano-scale to industrial-scale and includes engines, robots, bio-mechanical and environmentally “green” systems.
",,,
Mathematics,,,https://grad.uwo.ca/admissions/programs/program.cfm?p=85,4,years,,Doctor of Philosophy (PhD),,,,"1,1,","February,October,",,,,,,,CAD,full-time,6.5,6.5,6.5,6.5,6.5,,,,,,20,20,20,20,86,,,,,,,,,,,,,,,,,
Mathematics,,,https://grad.uwo.ca/admissions/programs/program.cfm?p=84,1,year,,Master of Science (MSc),,,,"1,1,","February,October,",,,,,,,CAD,full-time,6.5,6.5,6.5,6.5,6.5,,,,,,20,20,20,20,86,,,,,,,,,,,,,,"The Mathematical and Computational Sciences at Western are represented by four separate departments: Applied Mathematics, Computer Science, Mathematics, and Statistical & Actuarial Sciences. The Department of Mathematics has established research groups in several areas of contemporary mathematics including algebra, analysis and analytic geometry, homotopy theory, and noncommutative geometry.",,,
Management of Applied Science,,,https://grad.uwo.ca/admissions/programs/program.cfm?p=248,1,year,,Master of Management of Applied Science  (MMASc),,,,"15,15,1,1,","August,January,April,March,",,,33526.0,6050.0,year,,CAD,full-time,6.5,6.5,6.5,6.5,6.5,,,,,,20,20,20,20,86,,,,,,,,,,,,,,"A comprehensive program unique to Canada, students enrol in their Specialty Field (Applied, Sciences, Biological Sciences or Global Health Systems in Africa*) while taking Core Courses in management and communications. The MMASc curriculum bridges the divide between disciplines in science and their application to industry, providing the management and communication skills needed to build successful careers.",,,
Linguistics,,,https://grad.uwo.ca/admissions/programs/program.cfm?p=83,2,years,,Master of Arts (MA),,,,"15,","January,",,,,,,,CAD,full-time,6.5,6.5,6.5,6.5,6.5,,,,,,20,20,20,20,86,,,,,,,,,,,,,,"
The most salient characteristic of the program is its exceptionally strong interdisciplinarity.  We conceive of language as by equal measures a system of symbols which people know and use. Though students and faculty may incline one way or the other, Linguistics at Western is not “formal linguistics”, nor “applied linguistics”, nor even a pairing of each. It is, instead, a rich melding of frameworks and methods, built around close ties with sister disciplines: anthropology, computer science, communication disorders, language teaching, philosophy, and psychology.
",,,
Management,,,https://grad.uwo.ca/admissions/programs/program.cfm?p=88,1.33,years,,Master of Science (MSc),,,,,,,,50000.0,25200.0,year,,CAD,full-time,6.5,6.5,6.5,6.5,6.5,,,,,,20,20,20,20,86,,,,,,,,,,,,,,"Ivey's 16-month MSc program is specifically designed for high-achieving university graduates who are poised to leverage their education and experiences to become global business leaders. The MSc is a direct-entry masters program that offers four fields of research centered around international management (with or without  ), business analytics and digital management. These fields are based on in-class case discussions and real world experiences, including guaranteed placements in both Canadian (Business Analytics and Digital Management) and international (International Business field) firms.
",,,
Library & Information Science,,,https://grad.uwo.ca/admissions/programs/program.cfm?p=81,1,year,,Master of Library and Information Science (MLIS),,,,,,,,33526.0,6050.0,year,,CAD,full-time,6.5,6.5,6.5,6.5,6.5,,,,,,20,20,20,20,86,,,,,,,,,,,,,,Western's Master of Library and Information Science (MLIS) program is widely recognized as one of the best programs of its kind in North America. The curriculum stresses an exploration of the literature of the discipline and the development of advanced research skills and aims to graduate qualified professionals with a thorough knowledge of theory and practice in library and information science. The MLIS program provides a strong foundation in traditional librarianship together with an opportunity to engage with innovative ideas and new information technologies.,,,
Library & Information Science,,,https://grad.uwo.ca/admissions/programs/program.cfm?p=82,4,years,,Doctor of Philosophy (PhD),,,,"15,","January,",,,33526.0,6050.0,year,,CAD,full-time,6.5,6.5,6.5,6.5,6.5,,,,,,20,20,20,20,86,,,,,,,,,,,,,,"The Program is designed to offer students a great degree of flexibility to take advantage of a wide range of research expertise organized in two very broad and dynamic areas of specialization: Information & Society and Information Organization & Technologies. The LIS faculty and doctoral students are committed to performing ground breaking research that contributes to the evolution of the discipline and the development of the profession, and that strives to find solutions for the emerging information society.",,,
"Law, Studies in",,,https://grad.uwo.ca/admissions/programs/program.cfm?p=80,1,year,,Master of Studies in Law (MSL),,,,"15,","January,",,,,,,,CAD,full-time,6.5,6.5,6.5,6.5,6.5,,,,,,20,20,20,20,86,,,,,,,,,,,,,,,,,
Law,,,https://grad.uwo.ca/admissions/programs/program.cfm?p=79,4,years,,Doctor of Philosophy (PhD),,,,"15,","January,",,,34305.0,7271.0,year,,CAD,full-time,6.5,6.5,6.5,6.5,6.5,,,,,,20,20,20,20,86,,,,,,,,,,,,,,,,,
Law,,,https://grad.uwo.ca/admissions/programs/program.cfm?p=78,1,year,,Master of Laws (LLM),,,,"15,","January,",,,34305.0,7271.0,year,,CAD,full-time,6.5,6.5,6.5,6.5,6.5,,,,,,20,20,20,20,86,,,,,,,,,,,,,,"Western Law offers two program options for those wishing to complete an LLM. 
 
The traditional Thesis-Based Option aims to foster advanced research and scholarship in law, and is best suited for students wishing to pursue academic careers. This program offers training in key theoretical frameworks and methodological approaches to legal research and analysis. Graduates will be equipped to contribute to scholarly and political debate, and to develop answers to many emerging questions about the role of law in society. 
 
The Project-Based Option, which was approved to commence in September 2016, is aimed at legal practitioners and recent law graduates who wish to enhance their professional credentials. Students in this program choose from a wide range of elective courses, allowing them to deepen their expertise in a particular field. Students also complete a Major Research Project designed to reflect their professional or academic interests, focusing on legal or policy issues requiring complex real-world solutions.",,,
Kinesiology,,,https://grad.uwo.ca/admissions/programs/program.cfm?p=77,,,,Doctor of Philosophy (PhD),,,,,,,,33526.0,6050.0,year,,CAD,full-time,6.5,6.5,6.5,6.5,6.5,,,,,,20,20,20,20,86,,,,,,,,,,,,,,"Our doctoral degree from the School of Kinesiology often leads to an academic position of teaching and/or research at another university or college. It is useful for specialization in private research fields, publishing, management or governmental institutions related to the graduate’s field.",,,
Kinesiology,,,https://grad.uwo.ca/admissions/programs/program.cfm?p=76,18-24,months,,Master of Science (MSc),,,,,,,,33526.0,6050.0,year,,CAD,full-time,6.5,6.5,6.5,6.5,6.5,,,,,,20,20,20,20,86,,,,,,,,,,,,,,"Master’s degree graduates can continue to the doctoral level in the same or related area within Kinesiology at Western, or elsewhere. Master’s degrees can also lead to other professional programs such as medicine and physical therapy, or provide specialization and enhanced marketing, and related government fields.",,,
History ,,,https://grad.uwo.ca/admissions/programs/program.cfm?p=73,4,years,,Doctor of Philosophy (PhD),,,,"1,","February,",,,,,,,CAD,full-time,6.5,6.5,6.5,6.5,6.5,,,,,,20,20,20,20,86,,,,,,,,,,,,,,"The Doctoral Program in History at Western trains select graduate students to be professional historians—world-class researchers, teachers, and scholars. Our faculty has deep strengths in Canadian history, the history of international relations and conflict, environmental history, and public history, with courses and eminent scholars in many other areas as well. And we are a recognized leader in the new digital history and digital humanities.",,,
Journalism and Communication,,,https://grad.uwo.ca/admissions/programs/program.cfm?p=263,1,year,,Master of Media in Journalism and Communication (MMJC),,,,"1,","February,",,,,,,,CAD,full-time,6.5,6.5,6.5,6.5,6.5,,,,,,20,20,20,20,86,,,,,,,,,,,,,,"Western's Master of Media and Journalism and Communication (MMJC) program will allow graduates to move seamlessly between journalism and communications careers. We have taken the best features of Journalism at Western – a tradition of great storytelling and ethical journalism – and added more. In addition to being able to work as journalists, grads will be qualified for employment in a wide array of communications-related fields. And they will have the social media, content creation and media production skills they will need to thrive as media continue to evolve. Students interested in working with not-for-profit organizations, NGOs, and other activist groups will be particularly interested in the program. ",,,
Kinesiology,,,https://grad.uwo.ca/admissions/programs/program.cfm?p=75,18-24,months,,Master of Arts (MA),,,,,,,,33526.0,6050.0,year,,CAD,full-time,6.5,6.5,6.5,6.5,6.5,,,,,,20,20,20,20,86,,,,,,,,,,,,,,"Master’s degree graduates can continue to the doctoral level in the same or related area within Kinesiology at Western, or elsewhere. Master’s degrees can also lead to other professional programs such as medicine and physical therapy, or provide specialization and enhanced marketing, and related government fields. ",,,
"Interdisciplinary Medical Sciences 
",,,https://grad.uwo.ca/admissions/programs/program.cfm?p=286,1,year,,"Master of Science (MSc IMS
)",,,,"15,","February,",,,33526.0,6050.0,year,,CAD,full-time,6.5,6.5,6.5,6.5,6.5,,,,,,20,20,20,20,86,,,,,,,,,,,,,,"NEW PROGRAM*
",,,
History ,,,https://grad.uwo.ca/admissions/programs/program.cfm?p=72,1,year,,Master of Arts (MA),,,,"1,","February,",,,,,,,CAD,full-time,6.5,6.5,6.5,6.5,6.5,,,,,,20,20,20,20,86,,,,,,,,,,,,,,"The Master of Arts in History at Western is a one-year, fully-funded program that emphasizes the deep study of history and the development of research, writing, and analytical skills. Our students explore the histories of Canada, the United States, Britain and Europe, the Middle East, and Asia, as well as international, transnational, and global history.
",,,
Hispanic Studies,,,https://grad.uwo.ca/admissions/programs/program.cfm?p=71,4,years,,Doctor of Philosophy (PhD),,,,"1,","February,",,,,,,,CAD,full-time,6.5,6.5,6.5,6.5,6.5,,,,,,20,20,20,20,86,,,,,,,,,,,,,,"
A degree in Hispanic Studies delivers a world-class, interdisciplinary academic experience.  But it's more than just a program - it's a rich experience filled with language, culture, extra-curricular activities, research, teaching, and community engagement so your graduate wti hthe skills you need to find a rewarding career in a multicultural world. 
 
This program distinguishes itself from others because of our innovative approaches to Hispanic Studies. In our Literature and Culture programs we focus on connections in time, geography and medium. Our strengths lie in Transatlantic studies, Visual arts, text and music, Digital Humanities and their place in Hispanic Culture. The Linguistic stream focuses on an experimental approach to language acquisition, language loss, heritage speakers and language change due to contact.  

",,,
Hispanic Studies,,,https://grad.uwo.ca/admissions/programs/program.cfm?p=70,1,year,,Master of Arts (MA),,,,"1,","February,",,,,,,,CAD,full-time,6.5,6.5,6.5,6.5,6.5,,,,,,20,20,20,20,86,,,,,,,,,,,,,,"  

 
 
A Master's degree in Hispanic Studies delivers a world-class, interdisciplinary academic experience.  But it's more than just a program - it's a rich experience filled with language, culture, extra-curricular activities, research, teaching, and community engagement so you graduate with the skills you need to find a rewarding career in a multicultural world. 

This program distinguishes itself from others because of our innovative approaches to Hispanic Studies. In our Literature and Culture programs we focus on connections in time, geography and medium. Our strengths lie in Transatlantic studies, Visual arts, text and music, Digital Humanities and their place in Hispanic Culture. The Linguistic stream focuses on an experimental approach to language acquisition, language loss, heritage speakers and language change due to contact. 
",,,
Health Information Science,,,https://grad.uwo.ca/admissions/programs/program.cfm?p=69,4,years,,Doctor of Philosophy (PhD),,,,"1,","February,",,,33526.0,6050.0,year,,CAD,full-time,6.5,6.5,6.5,6.5,6.5,,,,,,20,20,20,20,86,,,,,,,,,,,,,,"The Doctoral Program in Health Information Science (PhD HIS) program is a research-intensive, joint graduate program with the Faculty of Health Sciences, designed for students who want to do independent original research in Health Information Science.   The program consists of two required courses, the option to conduct Guided Reading courses or elective courses in the area of study, the passing of a comprehensive exam and completion and defence of a thesis.",,,
Health and Rehabilitation Sciences,,,https://grad.uwo.ca/admissions/programs/program.cfm?p=135,5,years,,Doctor of Philosophy (MClSc / PhD),,,,"1,","March,",,,33526.0,6050.0,year,,CAD,full-time,6.5,6.5,6.5,6.5,6.5,,,,,,20,20,20,20,86,,,,,,,,,,,,,,,,,
Health and Rehabilitation Sciences,,,https://grad.uwo.ca/admissions/programs/program.cfm?p=136,4,years,,Doctor of Philosophy (PhD),,,,"1,25,","May,August,",,,33526.0,6050.0,year,,CAD,full-time,6.5,6.5,6.5,6.5,6.5,,,,,,20,20,20,20,86,,,,,,,,,,,,,,,,,
Health Information Science,,,https://grad.uwo.ca/admissions/programs/program.cfm?p=68,2,years,,Master of Health Information Science (MHIS),,,,"1,","February,",,,33526.0,6050.0,year,,CAD,full-time,6.5,6.5,6.5,6.5,6.5,,,,,,20,20,20,20,86,,,,,,,,,,,,,,"The Master of Health Information Science (MHIS) program is a joint graduate program with the Faculty of Health Sciences that will provide students with a fundamental knowledge in health and health care, including public health, health policy, and clinical health care, combined with expertise in knowledge organization and management, knowledge translation, patient information seeking behaviour and information ethics and policy.",,,
Health and Rehabilitation Sciences,,,https://grad.uwo.ca/admissions/programs/program.cfm?p=134,5,years,,Doctor of Philosophy (MSc (OT) / PhD),,,,"1,","April,",,,33526.0,6050.0,year,,CAD,full-time,6.5,6.5,6.5,6.5,6.5,,,,,,20,20,20,20,86,,,,,,,,,,,,,,,,,
Health and Rehabilitation Sciences,,,https://grad.uwo.ca/admissions/programs/program.cfm?p=133,2,years,,Master of Science (MSc),,,,"1,1,","June,March,",,,33526.0,6050.0,year,,CAD,full-time,6.5,6.5,6.5,6.5,6.5,,,,,,20,20,20,20,86,,,,,,,,,,,,,,,,,
Health and Rehabilitation Sciences,,,https://grad.uwo.ca/admissions/programs/program.cfm?p=132,5,years,,Doctor of Philosophy (MPT / PhD),,,,"1,","March,",,,33526.0,6050.0,year,,CAD,full-time,6.5,6.5,6.5,6.5,6.5,,,,,,20,20,20,20,86,,,,,,,,,,,,,,,,,
Geophysics,,,https://grad.uwo.ca/admissions/programs/program.cfm?p=67,4,years,,Doctor of Philosophy (PhD),,,,"24,","January,",,,,,,,CAD,full-time,6.5,6.5,6.5,6.5,6.5,,,,,,20,20,20,20,86,,,,,,,,,,,,,,"The objective of the Ph.D. program is to provide the supervision, intellectual environment and resources to permit an aspiring scientist to develop and complete a thesis, involving a significant contribution to knowledge, on a specific project in Geophysics, or in a collaborative project involving one or more related disciplines. The scope of these research projects represents an enormous range of interests, from purely 'academic' to strongly 'applied' industrial and environmental topics.",,,
Geophysics,,,https://grad.uwo.ca/admissions/programs/program.cfm?p=65,2,years,,Master of Science (MSc),,,,"24,","January,",,,,,,,CAD,full-time,6.5,6.5,6.5,6.5,6.5,,,,,,20,20,20,20,86,,,,,,,,,,,,,,"The primary function of our M.Sc. program is to prepare young scientists for independent research, through the formulation of a research problem, the collection of data, development of analytical methods, review of literature, to writing of the final thesis. This process is the principal means by which our students learn the process of research. Learning through independent investigation is supplemented by instruction in a variety of graduate courses that may include formal lectures and laboratories, and various projects, research papers and seminars.",,,
Geophysics,,,https://grad.uwo.ca/admissions/programs/program.cfm?p=66,1,year,,Master of Science (MSc (course-based)),,,,"24,","January,",,,,,,,CAD,full-time,6.5,6.5,6.5,6.5,6.5,,,,,,20,20,20,20,86,,,,,,,,,,,,,,"The course-based Masters in Geophysics (M. Geophys.) is designed to meet the growing demand in industry for highly-trained applied geophysicists.  The course-based Masters students are an important component of Resource Geoscience Western, an endeavor that we are pursuing in collaboration with Industry Partners and which places us at the forefront of Earth Sciences in Canada across a broad range of applied Earth Science disciplines.",,,
Geology,,,https://grad.uwo.ca/admissions/programs/program.cfm?p=64,4,years,,Doctor of Philosophy (PhD),,,,"24,","January,",,,,,,,CAD,full-time,6.5,6.5,6.5,6.5,6.5,,,,,,20,20,20,20,86,,,,,,,,,,,,,,"The objective of the PhD program is to provide the supervision, intellectual environment and resources to permit an aspiring scientist to develop and complete a thesis, involving a significant contribution to knowledge, on a specific project in Geology, or in a collaborative project involving one or more related disciplines. The scope of these research projects represents an enormous range of interests, from purely 'academic' to strongly 'applied' industrial and environmental topics.",,,
Geology,,,https://grad.uwo.ca/admissions/programs/program.cfm?p=63,1,year,,Master of Science (MSc (course-based)),,,,"24,","January,",,,,,,,CAD,full-time,6.5,6.5,6.5,6.5,6.5,,,,,,20,20,20,20,86,,,,,,,,,,,,,,"The course-based Masters in Geology (M. Geol.) is designed to meet the growing demand in industry for highly-trained applied geologists.  The course-based Masters students are an important component of Resource Geoscience Western, an endeavor that we are pursuing in collaboration with Industry Partners and which places us at the forefront of Earth Sciences in Canada across a broad range of applied Earth Science disciplines.",,,
Geology,,,https://grad.uwo.ca/admissions/programs/program.cfm?p=62,2,years,,Master of Science (MSc),,,,"24,","January,",,,,,,,CAD,full-time,6.5,6.5,6.5,6.5,6.5,,,,,,20,20,20,20,86,,,,,,,,,,,,,,"The primary function of our M.Sc. program is to prepare young scientists for independent research, through the formulation of a research problem, the collection of data, development of analytical methods, review of literature, to writing of the final thesis. This process is the principal means by which our students learn the process of research. Learning through independent investigation is supplemented by instruction in a variety of graduate courses that may include formal lectures and laboratories, and various projects, research papers and seminars.",,,
Geography,,,https://grad.uwo.ca/admissions/programs/program.cfm?p=61,4,years,,Doctor of Philosophy (PhD),,,,"1,","February,",,,,,,,CAD,full-time,6.5,6.5,6.5,6.5,6.5,,,,,,20,20,20,20,86,,,,,,,,,,,,,,"The PhD is a research degree in which the thesis, contributing original knowledge to the field of research, is the primary focus. Graduates go on to academic careers or to other occupations in which doctoral-level education is an asset or prerequisite. Courses are chosen to ensure that students have the background required to undertake the thesis research. Students are educated in geographical research through courses and especially through direct individual supervision.",,,
Geography,,,https://grad.uwo.ca/admissions/programs/program.cfm?p=60,2,years,,Master of Science (MSc),,,,"1,","February,",,,,,,,CAD,full-time,6.5,6.5,6.5,6.5,6.5,,,,,,20,20,20,20,86,,,,,,,,,,,,,,"The M.A. and M.Sc. combine course work with a thesis and each are tailored to the needs and interests of each Master's student. There is opportunity to obtain graduate education in a wide range of areas of geographic knowledge, research and applications. In their initial year, students take mandatory courses in geographical philosophy and research practice and also choose from an array of more specialized courses in their area of interest and research.  The program provides a blend of formal instruction, seminar discussions, personal supervision and field experience as well as the opportunity to practice and improve communication, teaching and research skills.",,,
Geography,,,https://grad.uwo.ca/admissions/programs/program.cfm?p=59,2,years,,Master of Arts (MA),,,,"1,","February,",,,,,,,CAD,full-time,6.5,6.5,6.5,6.5,6.5,,,,,,20,20,20,20,86,,,,,,,,,,,,,,"The M.A. and M.Sc. combine course work with a thesis and each are tailored to the needs and interests of each Master's student. There is opportunity to obtain graduate education in a wide range of areas of geographic knowledge, research and applications. In their initial year, students take mandatory courses in geographical philosophy and research practice and also choose from an array of more specialized courses in their area of interest and research.  The program provides a blend of formal instruction, seminar discussions, personal supervision and field experience as well as the opportunity to practice and improve communication, teaching and research skills.",,,
Financial Economics,,,https://grad.uwo.ca/admissions/programs/program.cfm?p=55,1.4,years,,Master of Financial Economics (MFE),,,,"1,","February,",,,,,,,CAD,full-time,6.5,6.5,6.5,6.5,6.5,,,,,,20,20,20,20,86,,,,,,,,,,,,,,"The Western Master of Financial Economics (MFE) is a 16-month, course-based graduate program which includes a summer internship. This interdisciplinary program includes the  , the  , the  , and the  . These academic units have joined forces to provide MFE students with a broad understanding of Financial Theory and the Economics framework upon which that theory is based, as well as the understanding of Quantitative Finance and Securities Law, required for today's complex financial world. Graduates pursue careers in a variety of industry areas including risk management, financial modelling, investor and treasury services, and portfolio management.",,,
French Studies,,,https://grad.uwo.ca/admissions/programs/program.cfm?p=58,4,years,,Doctor of Philosophy (PhD),,,,,,,,,,,,CAD,full-time,6.5,6.5,6.5,6.5,6.5,,,,,,20,20,20,20,86,,,,,,,,,,,,,,"Le département d'études françaises offre aux étudiant-e-s de 2e/3e cycles la possibilité d'explorer des techniques d'enseignement innovatrices et de faire de la recherche dans de nombreux domaines en langue et linguistique comme en littérature d'expression française.
",,,
Foods and Nutrition,,,https://grad.uwo.ca/admissions/programs/program.cfm?p=56,5,Terms,,Master of Science in Foods and Nutrition (MScFN),,,,"10,1,31,","January,November,January,",,,,,,,CAD,,6.5,6.5,6.5,6.5,6.5,,,,,,20,20,20,20,86,,,,,,,,,,,,,,Brescia University College at Western University offers two streams in the MScFN program: a Course-Based (Internship) stream and a Thesis-Based stream.  Both groups will participate in graduate-level university courses and enhance their leadership skills. Students will also expand their research competence through a major research project or completion of a thesis.,,,
French Studies,,,https://grad.uwo.ca/admissions/programs/program.cfm?p=57,1,year,,Master of Arts (MA),,,,,,,,,,,,CAD,full-time,6.5,6.5,6.5,6.5,6.5,,,,,,20,20,20,20,86,,,,,,,,,,,,,,"Le département d'études françaises offre aux étudiant-e-s de 2e/3e cycles la possibilité d'explorer des techniques d'enseignement innovatrices et de faire de la recherche dans de nombreux domaines en langue et linguistique comme en littérature d'expression française.
",,,
Family Medicine,,,https://grad.uwo.ca/admissions/programs/program.cfm?p=53,3,years,,Doctor of Philosophy (PhD),,,,"1,","April,",,,33526.0,6050.0,year,,CAD,full-time,6.5,6.5,6.5,6.5,6.5,,,,,,20,20,20,20,86,,,,,,,,,,,,,,This program will attract family physicians anticipating a research career in family medicine. The main goal of the PhD is to produce family physicians who will be competitive family medicine researchers at the highest levels of grantsmenship internationally.,,,
Family Medicine,,,https://grad.uwo.ca/admissions/programs/program.cfm?p=52,3,years,,Master of Clinical Science (MClSc),,,,"1,","May,",,,33526.0,6050.0,year,,CAD,full-time,6.5,6.5,6.5,6.5,6.5,,,,,,20,20,20,20,86,,,,,,,,,,,,,,"The Family Medicine program has attracted Family Physicians from Canada and around the world who wish to enhance their knowledge, skills and leadership within the discipline of Family Medicine. This program combines two weeks on-site once yearly with distance education online. The course of study is designed to fit the needs of the individual applicant and utilizes the broad range of academic and research expertise of the faculty.",,,
Epidemiology and Biostatistics,,,https://grad.uwo.ca/admissions/programs/program.cfm?p=51,4,years,,Doctor of Philosophy (PhD),,,,"15,15,","January,October,",,,,,,,CAD,full-time,6.5,6.5,6.5,6.5,6.5,,,,,,20,20,20,20,86,,,,,,,,,,,,,,"We offer MSc and PhD degrees in Epidemiology & Biostatistics.  Students are exposed to a full breadth of policy-relevant methodologies from the fields of epidemiology, biostatistics, health services research, health economics, genetic epidemiology, and program evaluation.",,,
Epidemiology and Biostatistics,,,https://grad.uwo.ca/admissions/programs/program.cfm?p=50,2,years,,Master of Science (MSc),,,,"15,15,","January,October,",,,,,,,CAD,full-time,6.5,6.5,6.5,6.5,6.5,,,,,,20,20,20,20,86,,,,,,,,,,,,,,"We offer MSc and PhD degrees in Epidemiology & Biostatistics.  Students are exposed to a full breadth of policy-relevant methodologies from the fields of epidemiology, biostatistics, health services research, health economics, genetic epidemiology, and program evaluation.",,,
English,,,https://grad.uwo.ca/admissions/programs/program.cfm?p=46,1,year,,Master of Arts (MA),,,,"15,","January,",,,,,,,CAD,full-time,6.5,6.5,6.5,6.5,6.5,,,,,,20,20,20,20,86,,,,,,,,,,,,,,"The Department's graduate program ranks as one of the strongest and most diversified graduate programs in Canada. Its central attraction is the Department's distinguished faculty and its considerable accomplishments in all areas of criticism and scholarship. The faculty's range of expertise provides the advantages of traditional scholarship and an array of historical approaches to the major literary periods and genres, as well as diverse theoretical and interdisciplinary perspectives that include discourse analysis, cultural studies, postcolonial literature and theory, feminist and gender studies, gay studies and theories of masculinity, ecological criticism, film, hypertext, theories of race, and the intersection between literature and the discourses of science, medicine, music, art, and law.",,,
Electrical and Computer Engineering,,,https://grad.uwo.ca/admissions/programs/program.cfm?p=41,4,years,,Doctor of Philosophy (PhD),,,,"30,31,31,","November,July,March,",,,46269.0,12294.0,year,,CAD,full-time,6.5,6.5,6.5,6.5,6.5,,,,,,20,20,20,20,86,,,,,,,,,,,,,,"The Department of Electrical and Computer Engineering offers graduate programs at the masters (M.E.Sc. and M.Eng.) and doctoral (Ph.D.) level in the following research areas: biomedical systems, communications systems and data networking, applied electrostatics and electromagnetics, microsystems and digital signal processing, power systems engineering, robotics and control and software engineering.",,,
Environment and Sustainability,,,https://grad.uwo.ca/admissions/programs/program.cfm?p=48,1,year,,Master of Environment and Sustainability (MES),,,,"1,1,","February,March,",,,,,,,CAD,full-time,6.5,6.5,6.5,6.5,6.5,,,,,,20,20,20,20,86,,,,,,,,,,,,,,"The Master’s in Environment and Sustainability program is an accelerated, interdisciplinary course-based Master’s degree program with a co-operative work placement term, completed in one full year of study. Students in the program begin study in September and  complete their degree the following August.",,,
English,,,https://grad.uwo.ca/admissions/programs/program.cfm?p=47,4,years,,Doctor of Philosophy (PhD),,,,"15,","January,",,,,,,,CAD,full-time,6.5,6.5,6.5,6.5,6.5,,,,,,20,20,20,20,86,,,,,,,,,,,,,,"The Department's graduate program ranks as one of the strongest and most diversified graduate programs in Canada. Its central attraction is the Department's distinguished faculty and its considerable accomplishments in all areas of criticism and scholarship. The faculty's range of expertise provides the advantages of traditional scholarship and an array of historical approaches to the major literary periods and genres, as well as diverse theoretical and interdisciplinary perspectives that include discourse analysis, cultural studies, postcolonial literature and theory, feminist and gender studies, gay studies and theories of masculinity, ecological criticism, film, hypertext, theories of race, and the intersection between literature and the discourses of science, medicine, music, art, and law.",,,
Electrical and Computer Engineering,,,https://grad.uwo.ca/admissions/programs/program.cfm?p=40,1,year,,Master of Engineering (MEng),,,,"19,14,","August,April,",,,46269.0,12294.0,year,,CAD,full-time,6.5,6.5,6.5,6.5,6.5,,,,,,20,20,20,20,86,,,,,,,,,,,,,,"The Department of Electrical and Computer Engineering offers graduate programs at the masters (M.E.Sc. and M.Eng.) and doctoral (Ph.D.) level in the following research areas: biomedical systems, communications systems and data networking, applied electrostatics and electromagnetics, microsystems and digital signal processing, power systems engineering, robotics and control and software engineering.",,,
Electrical and Computer Engineering,,,https://grad.uwo.ca/admissions/programs/program.cfm?p=39,2,years,,Master of Engineering Science (MESc),,,,"30,31,31,","November,July,March,",,,46269.0,12294.0,year,,CAD,full-time,6.5,6.5,6.5,6.5,6.5,,,,,,20,20,20,20,86,,,,,,,,,,,,,,"The Department of Electrical and Computer Engineering offers graduate programs at the masters (M.E.Sc. and M.Eng.) and doctoral (Ph.D.) level in the following research areas: biomedical systems, communications systems and data networking, applied electrostatics and electromagnetics, microsystems and digital signal processing, power systems engineering, robotics and control and software engineering.",,,
Education - Professional,,,https://grad.uwo.ca/admissions/programs/program.cfm?p=115,3,years,,Doctor of Education (EdD),,,,,,,,34305.0,7271.0,year,,CAD,full-time,6.5,6.5,6.5,6.5,6.5,,,,,,20,20,20,20,86,,,,,,,,,,,,,,"Our Doctor of Education (EdD) in Educational Leadership is a doctoral degree that teaches seasoned educators and professionals specific, research-informed leadership practices, and prepares them to appropriately apply their learning to their own workplace and leadership roles. 

The primary goal of the EdD program is to prepare graduates to act as scholarly and influential leaders who will have an effective impact on, and promote sustainable change in, their workplaces. All course work is completed online. 

Although this program emphasizes informed leadership in education, it is designed for formal and informal leaders in practice and does not focus on preparing graduates for traditional academic positions.",,,
Education - Professional,,,https://grad.uwo.ca/admissions/programs/program.cfm?p=117,2,years,,Master of Professional Education (MPEd),,,,"20,","for,",,,34305.0,7271.0,year,,CAD,full-time,6.5,6.5,6.5,6.5,6.5,,,,,,20,20,20,20,86,,,,,,,,,,,,,,"Our Master of Professional Education (MPEd) is designed to prepare candidates for advanced success in leadership and/or teaching roles. It is a course-based degree (with a final capstone project) that prepares students to solve real problems in local settings of professional practice. 
Successful completion of the program does not lead to certification with the Ontario College of Teachers.",,,
Education,,,https://grad.uwo.ca/admissions/programs/program.cfm?p=45,4,years,,Doctor of Philosophy (PhD),,,,,,,,34305.0,7271.0,year,,CAD,full-time,6.5,6.5,6.5,6.5,6.5,,,,,,20,20,20,20,86,,,,,,,,,,,,,,"Our Doctorate of Philosophy in Education Studies challenges students to engage with foundational theories and focused areas of educational research. Through developing expertise in a specific field, candidates will also contribute to existing bodies of knowledge and extend the reach of research to influence theory, policy, and practice.",,,
Economics,,,https://grad.uwo.ca/admissions/programs/program.cfm?p=43,4,years,,Doctor of Philosophy (PhD),,,,"1,","February,",,,,,,,CAD,full-time,6.5,6.5,6.5,6.5,6.5,,,,,,20,20,20,20,86,,,,,,,,,,,,,,"Western Economics offers a world-class PhD program, featuring an exceptional faculty as well as access to superb facilities. The program provides a rigorous, stimulating and collegial training environment designed to help students develop a strong understanding of the theory and applied tools of economics, superior research skills, and an ability to apply this training to real world questions or problems.",,,
Education,,,https://grad.uwo.ca/admissions/programs/program.cfm?p=44,,,,Master of Arts (MA),,,,,,,,34305.0,7271.0,year,,CAD,full-time,6.5,6.5,6.5,6.5,6.5,,,,,,20,20,20,20,86,,,,,,,,,,,,,,,,,
Economics,,,https://grad.uwo.ca/admissions/programs/program.cfm?p=42,1,year,,Master of Arts (MA),,,,"1,","February,",,,,,,,CAD,full-time,6.5,6.5,6.5,6.5,6.5,,,,,,20,20,20,20,86,,,,,,,,,,,,,,"Our MA program serves as an entry path to transition to our world-class PhD program. The program is course based, and provides a stimulating and collegial training environment designed to help students develop a strong understanding of the theory and applied tools of economics to develop superior research skills.",,,
Data Analytics,,,https://grad.uwo.ca/admissions/programs/program.cfm?p=272,1,year,,Master of Data Analytics (MDA),,,,"15,15,15,15,","June,November,February,October,",,,,,,,CAD,full-time,6.5,6.5,6.5,6.5,6.5,,,,,,20,20,20,20,86,,,,,,,,,,,,,,"The Master of Data Analytics (MDA) is designed to produce technical professionals ready to pursue an analytics-focused career within the public and private sectors. 
 
The program, building on students’ core competencies in computer science and statistics, equips them with a set of highly sought-after, interdisciplinary technical data analytics skills. Students are also provided with the opportunity to customize their learning experience through the selection of a specialty field. The program culminates with an experiential learning opportunity consisting where students will get practical, hands-on experience using the analytics skills in a workplace environment.",,,
Computer Science,,,https://grad.uwo.ca/admissions/programs/program.cfm?p=38,4,years,,Doctor of Philosophy (PhD),,,,"31,30,","July,September,",,,33526.0,6050.0,year,,CAD,full-time,6.5,6.5,6.5,6.5,6.5,,,,,,20,20,20,20,86,,,,,,,,,,,,,,"The Department of Computer Science offers a four-year graduate program leading to a PhD in Computer Science.  This program provides a high quality, leading-edge education on Computer Science that produces highly capable and sought after researchers and professional leaders.  PhD students have the opportunity to conduct cutting-edge research in computer science with some of the best researchers in the world.",,,
Computer Science,,,https://grad.uwo.ca/admissions/programs/program.cfm?p=37,1.4,years,,Master of Science (MSc),,,,"31,","July,",,,33526.0,6050.0,year,,CAD,full-time,6.5,6.5,6.5,6.5,6.5,,,,,,20,20,20,20,86,,,,,,,,,,,,,,,,,
Comparative Literature,,,https://grad.uwo.ca/admissions/programs/program.cfm?p=36,4,years,,Doctor of Philosophy (PhD),,,,"1,","February,",,,,,,,CAD,full-time,6.5,6.5,6.5,6.5,6.5,,,,,,20,20,20,20,86,,,,,,,,,,,,,,"Western’s program in Comparative Literature has recognized strengths in various literatures (especially – but not limited to – American, Canadian, Classical, English, French & Francophone, German, Hindi, Italian, Portuguese, Romanian, Russian and Spanish). What distinguishes it from similar programs across the country (Toronto, Alberta, Montreal...) is the insistent focus on critical theory, postcolonial literature, East-West cultural relationships and inter-media studies (particularly visual art and film). Many of those teaching in the program are well established scholars of Medieval, Renaissance, Baroque and 18-20th-century cultures. While our Ph.D. candidates are usually employed as Teaching Assistants, some of them may be asked to offer courses of their own design in Western’s undergraduate Comparative Literature and Culture program.",,,
Communication Sciences and Disorders,,,https://grad.uwo.ca/admissions/programs/program.cfm?p=34,2,years,,Master of Clinical Science (MClSc),,,,,,,,,,,,CAD,full-time,6.5,6.5,6.5,6.5,6.5,,,,,,20,20,20,20,86,,,,,,,,,,,,,,,,,
Clinical Medical Biophysics,,,https://grad.uwo.ca/admissions/programs/program.cfm?p=33,,,,Master of Science (MSc),,,,,,,,33526.0,6050.0,year,,CAD,full-time,6.5,6.5,6.5,6.5,6.5,,,,,,20,20,20,20,86,,,,,,,,,,,,,,"
",,,
Comparative Literature,,,https://grad.uwo.ca/admissions/programs/program.cfm?p=35,1,year,,Master of Arts (MA),,,,"1,","February,",,,,,,,CAD,full-time,6.5,6.5,6.5,6.5,6.5,,,,,,20,20,20,20,86,,,,,,,,,,,,,,"Western’s program in Comparative Literature has recognized strengths in various literatures (especially – but not limited to – American, Canadian, Classical, English, French & Francophone, German, Hindi, Italian, Portuguese, Romanian, Russian and Spanish). What distinguishes it from similar programs across the country (Toronto, Alberta, Montreal...) is the insistent focus on critical theory, postcolonial literature, East-West cultural relationships and inter-media studies (particularly visual art and film). Many of those teaching in the program are well established scholars of Medieval, Renaissance, Baroque and 18-20th-century cultures. Our MA students are employed as Teaching Assistants.",,,
Classics,,,https://grad.uwo.ca/admissions/programs/program.cfm?p=32,4,years,,Doctor of Philosophy (PhD),,,,"15,","January,",,,,,,,CAD,full-time,6.5,6.5,6.5,6.5,6.5,,,,,,20,20,20,20,86,,,,,,,,,,,,,,"Students in the PhD program undertake a course of study that leads to a major, original research project on a topic of interest in the literatures, history and material cultures of ancient Greece and Rome. The program consists of several stages designed to ensure that students have broad knowledge in the range of subfields common to the study of antiquity and a substantial knowledge base in their particular are of intellectual enquiry, the subject of the dissertation. We have a small but growing group of PhD students engaged in a wide range of research projects, working closely with award-winning faculty supervisors. Each PhD student writes a number of exams at each stage of the program, including Greek and Latin translation exams, exams that test reading knowledge of the modern languages in which scholars often write (German, French, Italian), Comprehensive Exams (broad knowledge) and a Special Field exam that tests preparation for writing the PhD thesis.",,,
Classics,,,https://grad.uwo.ca/admissions/programs/program.cfm?p=31,1.66,years,,Master of Arts (MA),,,,"15,","January,",,,,,,,CAD,full-time,6.5,6.5,6.5,6.5,6.5,,,,,,20,20,20,20,86,,,,,,,,,,,,,,"Classics is the original interdisciplinary program. Students research and explore the multifaceted cultures of ancient Greece and Rome, from language and literature, to aspects of ancient political, military or social history, to the physical remains of these ancient cultures as evident in archaeological artefacts. We offer a balanced mix each year of seminars in Greek poetry and prose, Latin poetry and prose, and seminars in ancient history or archaeology. These courses consist primarily of analysis and interpretation of source materials (whether literary or archaeological). Student assessment is based on a combination of active participation in class discussions, presentations, research papers and exams. The overall goal of the M.A. program is to train students to be sophisticated readers of ancient evidence, and to develop their skills in critical thinking, as well as in written and oral communication.",,,
Civil and Environmental Engineering,,,https://grad.uwo.ca/admissions/programs/program.cfm?p=30,4,years,,Doctor of Philosophy (PhD),,,,"1,1,1,","July,November,March,",,,46269.0,12294.0,year,,CAD,full-time,6.5,6.5,6.5,6.5,6.5,,,,,,20,20,20,20,86,,,,,,,,,,,,,,The Doctor of Philosophy (PhD) program is a thesis based Doctoral research degree. This program is offered to applicants who hold a Master's Degree in a related field.,,,
Business,,,https://grad.uwo.ca/admissions/programs/program.cfm?p=86,15,months,,Executive Master of Business Administration (EMBA),,,,,,,,50000.0,25200.0,year,,CAD,,6.5,6.5,6.5,6.5,6.5,,,,,,20,20,20,20,86,,,,,,,,,,,,,,"An EMBA is an MBA program structured specifically for the busy professional interested in advancing his or her career. Designed for mid to late career executives with at least eight years experience, the Ivey EMBA Program accelerates your experiential learning through case method. This style of learning uses real-world business challenges as a platform for developing your knowledge, capabilities and habits. The result: advanced problem solving and leadership skills that allow you to embrace and navigate the bigger picture.",,,
Business,,,https://grad.uwo.ca/admissions/programs/program.cfm?p=24,4,years,,Doctor of Philosophy (PhD),,,,"15,","January,",,,50000.0,25200.0,year,,CAD,full-time,6.5,6.5,6.5,6.5,6.5,,,,,,20,20,20,20,86,,,,,,,,,,,,,,"Ivey’s PhD Program in Business Administration is a full-time research-based program designed to develop scholars and to place its graduates at high quality research universities around the world.
",,,
Biomedical Engineering,,,https://grad.uwo.ca/admissions/programs/program.cfm?p=20,4,years,,Doctor of Philosophy (PhD),,,,"1,1,1,","July,November,March,",,,46269.0,12294.0,year,,CAD,full-time,6.5,6.5,6.5,6.5,6.5,,,,,,20,20,20,20,86,,,,,,,,,,,,,,,,,
Biology,,,https://grad.uwo.ca/admissions/programs/program.cfm?p=18,4,years,,Doctor of Philosophy (PhD),,,,"15,1,1,","June,November,March,",,,33526.0,6050.0,year,,CAD,full-time,6.5,6.5,6.5,6.5,6.5,,,,,,20,20,20,20,86,,,,,,,,,,,,,,"Biology at Western offers research-intensive, thesis-based graduate training at the Masters' and the Doctoral level. We offer world class facilities, a stimulating and collegial training environment, and high profile research programs overseen by internationally recognized faculty. We study life from a variety of perspectives including ecology and evolution, molecular and cellular biology, and physiology and biochemistry.",,,
Biomedical Engineering,,,https://grad.uwo.ca/admissions/programs/program.cfm?p=19,2,years,,Master of Engineering Science (MESc),,,,"1,1,1,","July,November,March,",,,46269.0,12294.0,year,,CAD,full-time,6.5,6.5,6.5,6.5,6.5,,,,,,20,20,20,20,86,,,,,,,,,,,,,,,,,
Biology,,,https://grad.uwo.ca/admissions/programs/program.cfm?p=17,2,years,,Master of Science (MSc),,,,"15,1,1,","June,November,March,",,,33526.0,6050.0,year,,CAD,full-time,6.5,6.5,6.5,6.5,6.5,,,,,,20,20,20,20,86,,,,,,,,,,,,,,"Biology at Western offers research-intensive, thesis-based graduate training at the Masters' and the Doctoral level. We offer world class facilities, a stimulating and collegial training environment, and high profile research programs overseen by internationally recognized faculty. We study life from a variety of perspectives including ecology and evolution, molecular and cellular biology, and physiology and biochemistry.",,,
Biochemistry,,,https://grad.uwo.ca/admissions/programs/program.cfm?p=16,4,years,,Doctor of Philosophy (PhD),,,,"1,1,15,","June,February,October,",,,33526.0,6050.0,year,,CAD,full-time,6.5,6.5,6.5,6.5,6.5,,,,,,20,20,20,20,86,,,,,,,,,,,,,,"The Department of Biochemistry offers MSc and PhD graduate degrees. PhD and thesis based MSc degrees require completion of a research-intensive thesis, course work, and participation in a seminar program.",,,
Biochemistry,,,https://grad.uwo.ca/admissions/programs/program.cfm?p=15,2,years,,Master of Science (MSc),,,,"1,1,15,","June,February,October,",,,33526.0,6050.0,year,,CAD,full-time,6.5,6.5,6.5,6.5,6.5,,,,,,20,20,20,20,86,,,,,,,,,,,,,,"The Department of Biochemistry offers MSc and PhD graduate degrees. PhD and thesis based MSc degrees require completion of a research-intensive thesis, course work, and participation in a seminar program.",,,
Astronomy,,,https://grad.uwo.ca/admissions/programs/program.cfm?p=14,4,years,,Doctor of Philosophy (PhD),,,,"15,","January,",,,33526.0,6050.0,year,,CAD,full-time,6.5,6.5,6.5,6.5,6.5,,,,,,20,20,20,20,86,,,,,,,,,,,,,,"Our department offers programs in both physics and astronomy leading to MSc and PhD degrees. We have a vibrant core faculty of 30 researchers covering the areas of astronomy, condensed matter physics, medical physics, atmospheric physics and planetary science.",,,
Astronomy,,,https://grad.uwo.ca/admissions/programs/program.cfm?p=13,2,years,,Master of Science (MSc),,,,"15,","January,",,,33526.0,6050.0,year,,CAD,full-time,6.5,6.5,6.5,6.5,6.5,,,,,,20,20,20,20,86,,,,,,,,,,,,,,"Our department offers programs in both physics and astronomy leading to MSc and PhD degrees. We have a vibrant core faculty of 30 researchers covering the areas of astronomy, condensed matter physics, medical physics, atmospheric physics and planetary science.",,,
Applied Mathematics,,,https://grad.uwo.ca/admissions/programs/program.cfm?p=12,,,,Doctor of Philosophy (PhD),,,,"1,1,1,","January,May,September,",,,,,,,CAD,full-time,6.5,6.5,6.5,6.5,6.5,,,,,,20,20,20,20,86,,,,,,,,,,,,,,"Whether you are interested in pursuing an MSc or PhD degree, we have much to offer. Our faculty include internationally renowned scholars in Computer Algebra, Dynamical Systems, Mathematical Biology, High-Energy Physics, and Soft-Matter Physics. We also offer collaborative graduate degrees in Theoretical Physics, and Scientific Computing.  
 
Upon completion, our graduates work in a variety of academic institutions, government agencies, and private businesses around the world.",,,
Applied Mathematics,,,https://grad.uwo.ca/admissions/programs/program.cfm?p=11,,,,Master of Science (MSc),,,,"1,1,1,","January,May,September,",,,,,,,CAD,full-time,6.5,6.5,6.5,6.5,6.5,,,,,,20,20,20,20,86,,,,,,,,,,,,,,"Whether you are interested in pursuing an MSc or PhD degree, we have much to offer. Our faculty include internationally renowned scholars in Computer Algebra, Dynamical Systems, Mathematical Biology, High-Energy Physics, and Soft-Matter Physics. We also offer collaborative graduate degrees in Theoretical Physics, and Scientific Computing.  
 
Upon completion, our graduates work in a variety of academic institutions, government agencies, and private businesses around the world.",,,
